tower_id,lat,lng,tower_type,height_m,tower_cat,tenants
ABT2136,34.1768,73.22866,Angular Stub Tower,25.0,RT,0.0
ISB2970,33.6402,73.16658889,Self-Supported Tower,37.0,GBT,0.0
ABT2300,34.18966,73.25015,Angular Stub Tower,45.0,GBT,0.0
RUR2665,34.04934,71.7289,Self-Supported Tower,46.0,GBT,0.0
RUR2015,33.98469,71.63443,Self-Supported Tower,37.0,GBT,0.0
ISB5380,33.68636,73.24654,0,0.0,0,0.0
RWP1601,33.62852,73.04434,Angular Stub Tower,30.0,GBT,0.0
ABT0080,34.14629,73.22422,Self-Supported Tower,46.0,GBT,0.0
KHP3901,33.80548,72.9089,Self-Supported Tower,55.0,GBT,0.0
TXA1902,33.76548,72.73006,Angular Stub Tower,30.0,GBT,0.0
ISB0600,33.63768,73.03034,Self-Supported Tower,20.0,RT,0.0
ISB0376,33.69682,72.93544,Self-Supported Tower,30.0,GBT,0.0
ISB1469,33.74296,73.10822,Tubular,30.0,GBT,0.0
RUR0724,33.69262,73.21971,Mast,6.0,OHWT,0.0
MNS1798,34.32748,73.19347,Self-Supported Tower,30.0,GBT,0.0
PSH5186,33.99342,71.43569,Pole,3.0,RT,0.0
PSH0628,34.0168,71.55284,Angular Stub Tower,40.0,GBT,0.0
PSH0073,34.00043,71.53387,Self-Supported Tower,37.0,GBT,0.0
PGB1131,33.24168,72.26857,Self-Supported Tower,46.0,GBT,0.0
RWP1067,33.59926112,73.0889,Self-Supported Tower,27.5,GBT,0.0
RWP0627,33.56314,72.97874,Angular Stub Tower,35.0,GBT,0.0
BHR2234,35.20713,72.54648,Self-Supported Tower,46.0,GBT,0.0
ATK0844,33.816286,72.359682,Angular Stub Tower,60.0,GBT,0.0
TXA1921,33.80257,72.74812,Angular Stub Tower,40.0,GBT,0.0
TXA1889,33.75742,72.76029,Monopole,30.0,GBT,0.0
TXA1608,33.77958,72.71753,Angular Stub Tower,35.0,GBT,0.0
TXA1901,33.76522,72.74092,Self-Supported Tower,30.0,GBT,0.0
TXA0959,33.76757,72.75362,Angular Stub Tower,40.0,GBT,0.0
TXA0251,33.7375,72.81777,Angular Stub Tower,35.0,GBT,0.0
TXA0742,33.75306,72.7753,Angular Stub Tower,40.0,GBT,0.0
RUR5176,31.31479,74.22703,Self-Supported Tower,60.0,GBT,1.0
LHR1109,31.39827,74.21509,Self-Supported Tower,46.0,GBT,0.0
LHR9186,31.40758,74.18084,Mast,25.0,RT,0.0
LHR6741,31.40607,74.30199,0,0.0,0,0.0
BWN7491,29.99312,73.24394,Self-Supported Tower,30.0,GBT,0.0
BWN2834,29.97808,73.25507,Self-Supported Tower,37.0,GBT,0.0
MCH1779,30.44922,72.35886,Self-Supported Tower,35.0,GBT,0.0
OKR5992,30.81319,73.43405,Self-Supported Tower,30.0,GBT,0.0
RUR3411,32.4795,74.4534,Self-Supported Tower,37.0,GBT,0.0
HUB6199,25.05472,66.88399,Self-Supported Tower,46.0,GBT,0.0
FAB4304,29.193,72.8514,Self-Supported Tower,46.0,GBT,0.0
TOB7436,30.96559,72.44518,Self-Supported Tower,37.0,GBT,0.0
HWY0882,30.5729,71.23583,Self-Supported Tower,46.0,GBT,0.0
RUR8626,29.34836,70.78149,Self-Supported Tower,46.0,GBT,0.0
RUR4590,30.579,71.0774,Self-Supported Tower,46.0,GBT,0.0
HWY7261,29.9786,70.65246,Self-Supported Tower,46.0,GBT,0.0
KCT7913,29.88241,70.65025,Self-Supported Tower,46.0,GBT,0.0
HRD0139,29.60249,73.14302,Self-Supported Tower,37.0,GBT,0.0
RUR4621,32.340061,74.912031,Self-Supported Tower,46.0,GBT,0.0
RUR4303,29.3287,72.9576,Self-Supported Tower,61.0,GBT,0.0
HGW6971,27.10933,68.62964,Self-Supported Tower,46.0,GBT,0.0
MGO1334,34.81849,72.3415,Self-Supported Tower,37.0,GBT,0.0
KTR2453,33.48988,74.10228,Self-Supported Tower,37.0,GBT,0.0
LKN5093,27.55386,68.22209,Self-Supported Tower,25.0,GBT,0.0
PIS7045,30.59026,67.03005,Self-Supported Tower,46.0,GBT,1.0
QTA1123,30.173,67.0202,Self-Supported Tower,35.0,GBT,0.0
KHI5193,24.81752,67.18543,Self-Supported Tower,37.0,GBT,0.0
KHI6510,25.03182,67.09504,Self-Supported Tower,25.0,GBT,0.0
QTA1126,30.1743,66.9597,Self-Supported Tower,50.0,GBT,0.0
KCK3715,34.12212,71.61315,Angular Stub Tower,60.0,GBT,0.0
SPC0509,26.1615,68.633,Self-Supported Tower,60.0,GBT,0.0
HGW6226,26.25264,68.14894,Self-Supported Tower,46.0,GBT,0.0
RUR4431,30.5737,70.9394,Self-Supported Tower,46.0,GBT,0.0
KHB2463,33.90012,71.42728,Self-Supported Tower,46.0,GBT,0.0
KLM2505,35.47599,72.58755,Self-Supported Tower,46.0,GBT,0.0
BGR2400,33.92905,73.93139,Self-Supported Tower,46.0,GBT,1.0
JBW8567,31.05474,72.07146,Self-Supported Tower,46.0,GBT,0.0
JBW8316,31.10146,72.08625,Self-Supported Tower,30.0,GBT,0.0
HWY7996,30.76376,71.79984,Self-Supported Tower,46.0,GBT,0.0
APS4890,30.68299,71.76079,Self-Supported Tower,37.0,GBT,0.0
RUR4855,31.61696,72.26934,Self-Supported Tower,46.0,GBT,0.0
HWY2813,31.56021,72.25989,Self-Supported Tower,60.0,GBT,1.0
KMO0932,31.35395,72.54285,Self-Supported Tower,46.0,GBT,0.0
HWY2816,31.29447,72.50549,Self-Supported Tower,60.0,GBT,1.0
RUR6502,30.8179,72.17285,Self-Supported Tower,60.0,GBT,0.0
HWY2850,31.30941,72.61708,Self-Supported Tower,60.0,GBT,0.0
RUR1254,30.94417,72.35137,Self-Supported Tower,46.0,GBT,0.0
RAT7581,31.5552,72.39265,Self-Supported Tower,61.0,GBT,0.0
RUR3508,32.668,73.549,Self-Supported Tower,46.0,GBT,0.0
RUR4413,32.657556,73.641472,Self-Supported Tower,37.0,GBT,0.0
PHA6218,32.4319,73.5741,Self-Supported Tower,60.0,GBT,0.0
CML9907,32.57722,73.6326,Self-Supported Tower,46.0,GBT,0.0
RUR0374,32.52559,73.59078,Self-Supported Tower,46.0,GBT,1.0
GJA6164,32.40746,73.31963,Self-Supported Tower,60.0,GBT,0.0
NKW6994,32.33546,73.26142,Self-Supported Tower,46.0,GBT,0.0
RUR1394,30.31729,71.01835,Self-Supported Tower,30.0,GBT,0.0
RUR8474,30.33517,70.89715,Self-Supported Tower,37.0,GBT,1.0
KAU7495,30.46461,70.95807,Self-Supported Tower,37.0,GBT,0.0
CKW0206,29.54605,70.9336,Self-Supported Tower,60.0,GBT,0.0
KPS8625,29.34451,70.85201,Self-Supported Tower,46.0,GBT,0.0
RUR1388,29.88187,70.98088,Self-Supported Tower,25.0,GBT,0.0
RUR3586,29.31802778,70.87888889,Self-Supported Tower,46.0,GBT,0.0
QAH6279,26.30179,68.10759,Self-Supported Tower,46.0,GBT,0.0
RUR3023,34.94754,72.52744,Self-Supported Tower,46.0,GBT,0.0
MGO3759,34.78566,72.35499,Self-Supported Tower,60.0,GBT,0.0
RUR1477,34.79754,72.2844,Self-Supported Tower,37.0,GBT,0.0
RUR0657,34.67996,72.33823,Angular Stub Tower,60.0,GBT,0.0
MDN2520,35.10942,72.51176,Self-Supported Tower,46.0,GBT,0.0
MGO2837,34.81927,72.37398,Self-Supported Tower,46.0,GBT,0.0
HWY1478,34.93077,72.41315,Self-Supported Tower,37.0,GBT,0.0
BHR2227,35.07327,72.48632,Self-Supported Tower,46.0,GBT,0.0
RUR2896,34.9814,72.36288,Self-Supported Tower,46.0,GBT,0.0
HNG1333,33.52844,71.06521,Self-Supported Tower,46.0,GBT,0.0
LCH1560,33.40854,71.35165,Self-Supported Tower,46.0,GBT,0.0
MGO1035,34.76484,72.35924,Self-Supported Tower,15.0,RT,0.0
MGO2170,34.77298,72.35211,Self-Supported Tower,30.0,GBT,0.0
MJB5817,34.80019,72.57198,0,0.0,0,0.0
HWY2848,34.93733,72.46866,Self-Supported Tower,46.0,GBT,0.0
DBL3526,35.46421,72.24585,Angular Stub Tower,60.0,GBT,0.0
HWY3818,34.86922,72.44088,Angular Stub Tower,50.0,GBT,0.0
WRI4764,35.0527,72.14104,Self-Supported Tower,40.0,GBT,0.0
HWY3638,34.67784,72.13493,Angular Stub Tower,50.0,GBT,0.0
HWY1849,34.65478,72.16082,Self-Supported Tower,46.0,GBT,0.0
KTG3722,34.77874,72.12719,Angular Stub Tower,40.0,GBT,2.0
KTG0780,34.78786,72.15116,Self-Supported Tower,46.0,GBT,0.0
MDD3045,34.8355,71.69441,Self-Supported Tower,46.0,GBT,0.0
MDD1829,34.82384,71.68252,Self-Supported Tower,46.0,GBT,0.0
RUR3217,34.95195,71.72882,Self-Supported Tower,30.0,GBT,0.0
KTG1099,34.72735,72.01503,Self-Supported Tower,46.0,GBT,1.0
RUR4007,34.79584,71.97161,Self-Supported Tower,46.0,GBT,0.0
SBD2541,34.9757,71.66876,Self-Supported Tower,46.0,GBT,0.0
SBD2540,34.93785,71.66674,Self-Supported Tower,46.0,GBT,0.0
RUR0540,35.01177,71.7953,Angular Stub Tower,60.0,GBT,0.0
KMD4072,34.96093,71.81191,Self-Supported Tower,46.0,GBT,0.0
TSD3847,34.73494,71.91322,Angular Stub Tower,45.0,GBT,1.0
TSD3616,34.76683,71.79572,Angular Stub Tower,35.0,GBT,0.0
SHM2117,34.74237,71.85528,Self-Supported Tower,46.0,GBT,0.0
BLB0927,35.05538,71.77988,Self-Supported Tower,30.0,GBT,0.0
RUR3078,34.93299,72.10791,Self-Supported Tower,46.0,GBT,1.0
BLB2506,35.08718,71.75781,Self-Supported Tower,35.0,GBT,0.0
DRA3486,35.05188,71.99686,Angular Stub Tower,60.0,GBT,1.0
DBL3534,35.33231,72.06471,Self-Supported Tower,60.0,GBT,0.0
DBL2921,35.22966,71.99922,Self-Supported Tower,46.0,GBT,0.0
HWY2137,35.30374,71.84377,Self-Supported Tower,25.0,GBT,0.0
OHD2538,35.15617,72.08848,Self-Supported Tower,46.0,GBT,0.0
KAD6635,27.41904,68.43484,Self-Supported Tower,46.0,GBT,0.0
BZD6677,27.14675,68.56448,Self-Supported Tower,46.0,GBT,1.0
BZD6679,27.18826,68.55449,Self-Supported Tower,46.0,GBT,0.0
MND6686,27.05147,68.59335,Self-Supported Tower,46.0,GBT,0.0
SOB6461,27.30199,68.41671,Self-Supported Tower,46.0,GBT,0.0
AMR6634,26.10051,68.15126,Self-Supported Tower,46.0,GBT,0.0
HGW5209,26.40489,68.23496,Self-Supported Tower,46.0,GBT,0.0
BOH6746,26.29797,68.431919,Self-Supported Tower,46.0,GBT,0.0
DDO0508,26.245,68.2677,Self-Supported Tower,60.0,GBT,0.0
HGW6107,26.21592,68.18574,Self-Supported Tower,46.0,GBT,0.0
HGW6943,26.1981,68.30736,Self-Supported Tower,55.0,GBT,0.0
QAH7035,26.34712,68.07063,Self-Supported Tower,46.0,GBT,1.0
HGW5206,26.42854,68.13996,Self-Supported Tower,46.0,GBT,0.0
SPC9109,26.212,68.5182,Self-Supported Tower,60.0,GBT,0.0
SKD0371,26.13152,68.27656,Self-Supported Tower,76.0,GBT,0.0
SPC6371,26.20021,68.55426,Self-Supported Tower,46.0,GBT,0.0
MBN6230,32.58641,73.47765,Self-Supported Tower,30.0,GBT,0.0
MBN9681,32.5879,73.4923,Self-Supported Tower,46.0,GBT,0.0
MBN6231,32.59911,73.49648,Self-Supported Tower,30.0,GBT,0.0
RUR0748,32.54286,73.47794,Self-Supported Tower,46.0,GBT,0.0
BGA6989,32.56,73.42276,Self-Supported Tower,30.0,GBT,1.0
RUR6208,32.45734,73.40931,Self-Supported Tower,60.0,GBT,0.0
RUR4314,32.49263889,73.23833333,Self-Supported Tower,46.0,GBT,0.0
GJA8788,32.42235,73.27382,Self-Supported Tower,25.0,GBT,1.0
KML4371,31.082,72.35817,Self-Supported Tower,37.0,GBT,0.0
MUN6225,31.2783,72.09551,Self-Supported Tower,46.0,GBT,0.0
RUR0283,31.38102,72.07152,Self-Supported Tower,46.0,GBT,0.0
QUT6238,31.46639,72.2472,Self-Supported Tower,46.0,GBT,0.0
ANP2254,31.22505,72.4508,Self-Supported Tower,60.0,GBT,0.0
RUR1213,31.36649,72.69013,Self-Supported Tower,46.0,GBT,1.0
RUR0602,31.02466,72.37996,Self-Supported Tower,46.0,GBT,0.0
HWY1279,30.48684,71.07815,Self-Supported Tower,46.0,GBT,0.0
HWY7989,30.58014,71.15853,Self-Supported Tower,46.0,GBT,0.0
HWY7961,30.25297,70.99433,Self-Supported Tower,60.0,GBT,0.0
RUR0225,29.83882,70.91454,Self-Supported Tower,46.0,GBT,0.0
RUR1359,29.87679,71.04462,Self-Supported Tower,37.0,GBT,0.0
RUR4083,29.790889,70.995639,Self-Supported Tower,37.0,GBT,0.0
RUR3587,29.7263,70.8079,Self-Supported Tower,60.0,GBT,0.0
RUR1277,29.73354,71.13741,Self-Supported Tower,46.0,GBT,0.0
HWY7307,29.32803,73.00509,Self-Supported Tower,46.0,GBT,0.0
HWY7308,29.30203,72.94101,Self-Supported Tower,46.0,GBT,0.0
HWY7314,29.40443,73.00814,Self-Supported Tower,46.0,GBT,1.0
PSH1269,34.032,71.59033,Self-Supported Tower,25.0,GBT,0.0
ABT1553,34.20738,73.24033,Mast,12.0,RT,0.0
ABT1159,34.16242,73.25485,Self-Supported Tower,27.5,GBT,0.0
ABT3322,34.15681,73.23872,Angular Stub Tower,40.0,GBT,0.0
ATK3872,33.7666,72.36003,Angular Stub Tower,30.0,GBT,0.0
PSH3814,34.01542,71.53549,Angular Stub Tower,40.0,GBT,0.0
HTR1891,33.93473,72.85773,Self-Supported Tower,37.0,GBT,0.0
RWP0505,33.66352,73.08429,Self-Supported Tower,17.5,RT,0.0
HWY0638,33.9786,72.18232,Angular Stub Tower,35.0,GBT,0.0
MRD0841,34.21082,72.02602,Self-Supported Tower,27.5,GBT,0.0
MYR3750,34.14301,72.0925,Angular Stub Tower,35.0,GBT,0.0
RUR1788,34.04697,71.52101,Self-Supported Tower,37.0,GBT,0.0
RUR3576,34.01131,71.68948,Angular Stub Tower,40.0,GBT,0.0
MRE3887,33.91637,73.41412,Angular Stub Tower,50.0,GBT,0.0
NWS1696,34.00087,71.98562,Monopole,30.0,GBT,0.0
ISB0206,33.67439,72.9485,Self-Supported Tower,20.0,GBT,0.0
RWP1217,33.59899,73.05078,Pole,3.0,OHWT,0.0
RWP0247,33.6535,73.08112,Self-Supported Tower,17.5,RT,0.0
RWP1121,33.65396945,73.09253056,Self-Supported Tower,30.0,GBT,0.0
RWP0623,33.64126945,73.08638889,Self-Supported Tower,20.0,RT,0.0
RWP2967,33.59486945,73.10118889,Self-Supported Tower,22.5,RT,0.0
ABT1709,34.21443,73.24295,Pole,12.0,RT,0.0
ABT2617,34.159191,73.204982,Angular Stub Tower,30.0,GBT,1.0
ABT2796,34.16801,73.22388,Angular Stub Tower,20.0,RT,0.0
PSH1046,33.99146,71.48435,Self-Supported Tower,25.0,GBT,0.0
ABT0836,34.17118,73.22523,Self-Supported Tower,46.0,GBT,0.0
ABT0286,34.199558,73.23687,Self-Supported Tower,46.0,GBT,0.0
ATK3093,33.79348,72.35542,Self-Supported Tower,46.0,GBT,0.0
CHD1503,34.15125,71.73172,Self-Supported Tower,25.0,GBT,0.0
ISB5532,33.57664,72.86652,0,0.0,0,0.0
JGL1287,33.53199,72.80684,Self-Supported Tower,46.0,GBT,0.0
RUR0314,34.00133,72.8766,Self-Supported Tower,46.0,GBT,0.0
HRR0730,33.95931,72.88266,Angular Stub Tower,45.0,GBT,0.0
HWY3000,34.0395,73.12549,Self-Supported Tower,46.0,GBT,0.0
HVL2501,34.05591,73.16959,Angular Stub Tower,40.0,GBT,0.0
ISB1602,33.70335,72.9791,Mast,12.0,RT,0.0
RWP1010,33.62571945,72.9707,Self-Supported Tower,37.0,GBT,0.0
ISB0605,33.63642,73.02759,Angular Stub Tower,20.0,RT,0.0
PBI3785,34.01241,71.79707,Angular Stub Tower,35.0,GBT,0.0
ISB0503,33.65943,72.99448,Self-Supported Tower,20.0,RT,0.0
ISB0232,33.70925,73.08352,Self-Supported Tower,20.0,RT,0.0
RUR0691,33.65174,73.22472,Angular Stub Tower,50.0,GBT,0.0
ISB3664,33.72,73.01107,Monopole,30.0,GBT,0.0
KMA1480,33.85382,72.39493,Self-Supported Tower,37.0,GBT,0.0
RUR2006,33.60101,71.28399,Self-Supported Tower,46.0,GBT,1.0
RWP1455,33.59848889,73.00811112,Self-Supported Tower,20.0,GBT,0.0
RWP1838,33.64209,73.04992,Angular Stub Tower,30.0,GBT,0.0
MNS1119,34.32471,73.20288,Self-Supported Tower,37.0,GBT,0.0
MNS1711,34.32908,73.18458,Self-Supported Tower,30.0,GBT,0.0
HWY3749,34.31245,73.21149,Angular Stub Tower,35.0,GBT,0.0
HWY3632,34.42966,73.25188,Angular Stub Tower,50.0,GBT,0.0
MRD3747,34.2054,72.04906,Angular Stub Tower,40.0,GBT,0.0
MRD0835,34.14672,72.03444,Self-Supported Tower,37.0,GBT,0.0
MRD0704,34.19691,72.06693,Self-Supported Tower,35.0,GBT,0.0
HWY2038,34.19776,72.16257,Self-Supported Tower,46.0,GBT,0.0
MRE3891,33.9117,73.3972,Angular Stub Tower,25.0,RT,0.0
MRE1088,33.90123,73.39898,Self-Supported Tower,37.0,GBT,0.0
MRE1045,33.90628,73.39518,Self-Supported Tower,25.0,GBT,0.0
ABT1452,34.18529,73.23132,Self-Supported Tower,22.5,GBT,0.0
SLH2142,33.82311,71.88856,Self-Supported Tower,46.0,GBT,0.0
PSH3790,33.99676,71.57892,Angular Stub Tower,40.0,GBT,0.0
PSH2948,33.99776,71.57164,Self-Supported Tower,30.0,GBT,0.0
PSH1915,33.95352,71.44335,Monopole,20.0,GBT,0.0
RWP0364,33.58313889,73.11553889,Self-Supported Tower,37.0,GBT,0.0
RWP1676,33.55082,73.07943,Angular Stub Tower,35.0,GBT,0.0
RWP1219,33.56756945,73.10203056,Monopole,30.0,GBT,0.0
RWP0418,33.55893889,73.0077,Self-Supported Tower,25.0,GBT,0.0
NWS1697,33.99937,71.99368,Angular Stub Tower,35.0,GBT,0.0
ISB0343,33.68101,73.15584,Self-Supported Tower,46.0,GBT,0.0
HRR1847,34.00469,72.93473,Self-Supported Tower,30.0,GBT,0.0
ISB0205,33.7376,73.19225,Self-Supported Tower,37.0,GBT,0.0
RUR0686,33.64275,73.20222,Angular Stub Tower,25.0,RT,0.0
RUR1683,34.05692,71.59179,Self-Supported Tower,27.5,GBT,0.0
HWY0661,33.80346,72.81983,Angular Stub Tower,40.0,GBT,0.0
PSH1684,34.03778,71.58201,Self-Supported Tower,22.5,GBT,0.0
PSH3828,33.97921,71.43937,Angular Stub Tower,25.0,RT,0.0
PSH3817,33.9866,71.4498,Angular Stub Tower,40.0,GBT,0.0
PSH3823,34.00557,71.49112,Angular Stub Tower,30.0,GBT,0.0
PSH0250,33.95148,71.43243,Tubular,45.0,GBT,0.0
TXA1418,33.72172,72.80731,Self-Supported Tower,30.0,GBT,0.0
PSH3795,33.9754,71.45685,Angular Stub Tower,40.0,GBT,0.0
PSH3807,33.98701,71.53475,Angular Stub Tower,30.0,GBT,0.0
RUR6104,33.83789,72.78229,Self-Supported Tower,46.0,GBT,0.0
HAL3878,33.82129,72.681311,Angular Stub Tower,35.0,GBT,0.0
HWY1989,33.94754,72.55223,Self-Supported Tower,46.0,GBT,0.0
KMA2281,33.83414,72.40817,Angular Stub Tower,40.0,GBT,0.0
RWP0770,33.60872,73.08113,Angular Stub Tower,25.0,RT,0.0
RWP1840,33.60939,73.00581,Angular Stub Tower,25.0,GBT,0.0
RWP1314,33.57623056,73.02621945,Self-Supported Tower,20.0,GBT,0.0
RWP2803,33.5861,73.03941,Self-Supported Tower,25.0,GBT,0.0
RWP0893,33.57532,73.0322,Angular Stub Tower,25.0,RT,0.0
RWP0226,33.61338,73.06834,Self-Supported Tower,12.5,RT,0.0
RWP1248,33.61841112,73.07968056,Monopole,25.0,GBT,0.0
RWP1225,33.59986112,72.98471945,Self-Supported Tower,37.0,GBT,0.0
RWP1357,33.63313,73.08007,Angular Stub Tower,15.0,RT,0.0
RWP0560,33.62069,73.14052,Self-Supported Tower,35.0,GBT,0.0
RWP1212,33.63208,73.08654,Angular Stub Tower,20.0,RT,0.0
RWP1220,33.56123,73.04866,Monopole,15.0,GBT,0.0
RWP1136,33.63588889,73.10353056,Self-Supported Tower,30.0,GBT,0.0
RWP0491,33.6219,73.068,Mast,5.0,RT,0.0
RWP1509,33.55384,73.05122,Angular Stub Tower,25.0,GBT,0.0
RWP1897,33.5516,73.0668,Self-Supported Tower,30.0,GBT,0.0
RWP4983,33.63692,73.03883,Angular Stub Tower,25.0,GBT,0.0
HWY4101,33.32444,72.79291,Angular Stub Tower,60.0,GBT,0.0
HWY3606,33.49789,73.22277,Self-Supported Tower,45.0,GBT,1.0
RWP2590,33.51113,73.18045,Self-Supported Tower,25.0,GBT,0.0
YRH3895,34.17226,72.27232,Angular Stub Tower,45.0,GBT,0.0
RUR0911,34.06002,71.9893,Angular Stub Tower,25.0,GBT,0.0
SWB1092,34.12605,72.47164,Self-Supported Tower,27.5,GBT,0.0
ZDA1945,34.07341,72.44928,Self-Supported Tower,37.0,GBT,0.0
FTJ3536,33.56904,72.63859,Angular Stub Tower,45.0,GBT,0.0
FTJ1753,33.56051,72.63731,Self-Supported Tower,37.0,GBT,1.0
SWB2256,34.1193,72.47237,Self-Supported Tower,30.0,GBT,0.0
SWB2875,34.16572,72.45992,Self-Supported Tower,46.0,GBT,0.0
HWY1837,34.44147,71.90688,Self-Supported Tower,46.0,GBT,0.0
HAL7014,33.80711,72.70074,Angular Stub Tower,40.0,GBT,0.0
TXA1903,33.81519,72.72449,Self-Supported Tower,45.0,GBT,0.0
HAL3071,33.85177,72.73576,Self-Supported Tower,46.0,GBT,0.0
RWP1342,33.5327,73.12056,Pole,3.0,OHWT,0.0
TXA2625,33.73863,72.79274,Self-Supported Tower,30.0,GBT,0.0
TXA1374,33.78419,72.71814,Self-Supported Tower,20.0,GBT,0.0
MRD1406,34.21521,72.03542,Self-Supported Tower,35.0,GBT,0.0
TXA1943,33.74315,72.77395,Self-Supported Tower,30.0,GBT,0.0
TXA0900,33.78403,72.72557,Angular Stub Tower,25.0,RT,0.0
TXA8014,33.79094,72.71969,Angular Stub Tower,20.0,RT,0.0
TXA1370,33.792325,72.746,Monopole,22.5,GBT,0.0
TXA1949,33.73224,72.80886,Self-Supported Tower,37.0,GBT,0.0
TXA1926,33.74876,72.76961,Self-Supported Tower,30.0,GBT,0.0
TXA1375,33.79314,72.72589,Self-Supported Tower,27.5,GBT,0.0
TXA1600,33.73932,72.7854,Self-Supported Tower,37.0,GBT,0.0
TXA2581,33.74732,72.77697,Self-Supported Tower,30.0,GBT,0.0
TXA1500,33.74879,72.78945,Self-Supported Tower,30.0,GBT,0.0
KHI5452,24.878944,67.087639,Mast,9.0,RT,0.0
KHI0445,24.82086111,66.9775,Self-Supported Tower,46.0,GBT,0.0
KHI6596,24.91469,67.01954,Mast,9.0,RT,0.0
QTA1111,30.1894,67.0212,Self-Supported Tower,25.0,RT,0.0
KHI9516,24.8327,67.1553,Self-Supported Tower,25.0,RT,0.0
KHI6591,24.90579,67.2201,Self-Supported Tower,25.0,GBT,0.0
KHI0013,24.85902,67.20597,Self-Supported Tower,15.0,RT,0.0
HYD0684,25.3606,68.3505,Self-Supported Tower,25.0,RT,0.0
QTA6822,30.16102,67.02274,Self-Supported Tower,30.0,GBT,0.0
KHI5033,24.9269,67.16913,Self-Supported Tower,30.0,GBT,0.0
khi9039,24.81219,67.06471,Mast,6.0,RT,0.0
JSO5758,25.40844,68.27593,Self-Supported Tower,37.0,GBT,0.0
PAQ5857,27.80783333,69.13241667,Self-Supported Tower,37.0,GBT,0.0
QTA6032,30.23915,67.01362,Self-Supported Tower,30.0,GBT,0.0
QTA1113,30.206,67.0206,Self-Supported Tower,30.0,GBT,0.0
KHI8990,25.0295,67.0651,Self-Supported Tower,45.0,GBT,0.0
QTA6797,30.2158,66.9746,Self-Supported Tower,35.0,GBT,0.0
KHI0771,24.9882,67.0996,Self-Supported Tower,30.0,GBT,0.0
RUR0635,31.343,74.2378,Self-Supported Tower,37.0,GBT,0.0
LHR6834,31.48745,74.41119,Self-Supported Tower,20.0,GBT,0.0
SHD9919,31.61127,74.26869,Self-Supported Tower,35.0,GBT,0.0
LHR8799,31.41439,74.22033,Self-Supported Tower,30.0,GBT,0.0
GJR9852,32.55982,74.05986,Self-Supported Tower,37.0,GBT,0.0
HWY3950,32.435333,74.479667,Self-Supported Tower,37.0,GBT,0.0
LHR4024,31.41319444,74.16394444,Self-Supported Tower,37.0,GBT,0.0
LHR1465,31.37608,74.19295,Railing,9.0,OHWT,0.0
RUR4096,30.726,71.08355556,Self-Supported Tower,46.0,GBT,1.0
MUL7177,30.16393,71.44579,Self-Supported Tower,35.0,GBT,0.0
HWY8783,31.74933333,74.01058333,Self-Supported Tower,46.0,GBT,0.0
LHR9165,31.36131,74.28218,Pole,6.0,OHWT,0.0
LHR3604,31.49952778,74.36975,Self-Supported Tower,30.0,GBT,0.0
MUL1978,30.18096,71.49072,Self-Supported Tower,25.0,GBT,0.0
HWY3756,30.58412,71.23705,Self-Supported Tower,61.0,GBT,0.0
CWT3851,30.5284,72.6849,Self-Supported Tower,46.0,GBT,0.0
OKR4113,30.80588889,73.45097222,Self-Supported Tower,25.0,GBT,0.0
RUR1471,30.43842,72.28745,Self-Supported Tower,35.0,GBT,1.0
SKT4622,32.4761,74.5561,Self-Supported Tower,37.0,GBT,0.0
GJR9887,32.56337,74.07034,Self-Supported Tower,25.0,GBT,0.0
GUJ6948,32.16362,74.23129,Self-Supported Tower,37.0,GBT,0.0
RUR8759,32.62519401,73.804194,Self-Supported Tower,46.0,GBT,0.0
SHD0657,31.6198,74.26899,Self-Supported Tower,40.0,GBT,0.0
SHD6926,31.63336,74.27673,Self-Supported Tower,25.0,GBT,0.0
LHR9250,31.39057,74.28919,Pole,6.0,OHWT,0.0
FSD4142,31.49137,73.05741,Self-Supported Tower,46.0,GBT,0.0
SHC7903,30.786166,72.24444,Self-Supported Tower,30.0,GBT,0.0
RUR6968,32.34671,74.90474,Self-Supported Tower,46.0,GBT,0.0
GJR6286,32.5554,74.08755,Self-Supported Tower,30.0,GBT,0.0
SGD0131,32.08667,72.67109,Self-Supported Tower,20.0,RT,0.0
LHR7000,31.5827,74.47775,Self-Supported Tower,45.0,GBT,0.0
BWN4406,29.99427,73.26154,Self-Supported Tower,40.0,GBT,0.0
RUR9301,31.32144,74.2197,0,0.0,0,0.0
DIL2203,32.81622,74.1301,Self-Supported Tower,46.0,GBT,0.0
OKR4561,30.8003,73.4451,Self-Supported Tower,37.0,GBT,0.0
KHI9531,24.8122,67.1674,Self-Supported Tower,30.0,GBT,0.0
HWY3496,31.7173,74.2702,Self-Supported Tower,37.0,GBT,0.0
SRK3897,31.46187,74.09854,Self-Supported Tower,50.0,GBT,0.0
NGM9644,31.9044,74.51579,Self-Supported Tower,35.0,GBT,0.0
HWY5090,31.63281,74.20905,Self-Supported Tower,45.0,GBT,0.0
KHI0064,24.98054,67.03918,Self-Supported Tower,37.0,GBT,0.0
KHI2030,24.880557,67.097593,Pole,3.0,RT,0.0
KLI0992,28.38241,69.16352,Self-Supported Tower,46.0,GBT,0.0
HUB0479,25.05147222,66.87266667,Self-Supported Tower,90.0,GBT,0.0
SPR8472,30.06444444,71.49422222,Self-Supported Tower,46.0,GBT,0.0
RUR0136,30.87127,70.9813,Self-Supported Tower,46.0,GBT,0.0
HWY4671,30.96597,71.06525,Self-Supported Tower,46.0,GBT,0.0
RUR9001,30.38654,70.96863,Self-Supported Tower,60.0,GBT,0.0
RUR3815,29.89509,72.02509,Self-Supported Tower,46.0,GBT,0.0
JHN7768,30.05453,71.84348,Self-Supported Tower,46.0,GBT,0.0
MUL3388,30.1717,71.4422,Self-Supported Tower,30.0,GBT,0.0
RUR1364,29.34349,70.94059,Self-Supported Tower,46.0,GBT,0.0
RUR4960,29.3266,71.56704,Self-Supported Tower,46.0,GBT,0.0
BSP3553,30.5794,73.8311,Self-Supported Tower,37.0,GBT,0.0
LHR9214,31.35370071,74.20589296,Pole,6.0,OHWT,0.0
HWY4330,30.4635,72.44109,Self-Supported Tower,46.0,GBT,1.0
LHR1248,31.6448,74.46344,Self-Supported Tower,50.0,GBT,0.0
RWD6924,31.25551112,74.21758056,Self-Supported Tower,25.0,GBT,0.0
RWD9935,31.24716112,74.21166112,Self-Supported Tower,37.0,GBT,0.0
RWD3860,31.2482,74.2154,Self-Supported Tower,25.0,GBT,0.0
LHR3488,31.45291667,74.20933333,Self-Supported Tower,37.0,GBT,0.0
HWY5956,31.69805,74.03329,Self-Supported Tower,40.0,GBT,0.0
SHD9825,31.65976,74.2806,Self-Supported Tower,37.0,GBT,0.0
LHR3235,31.55331,74.26481,Self-Supported Tower,37.0,GBT,0.0
LHR3864,31.44216,74.23424,Self-Supported Tower,35.0,GBT,0.0
LHR6936,31.60428,74.35534,Self-Supported Tower,25.0,GBT,0.0
TOB4033,30.96815,72.47233,Self-Supported Tower,22.5,GBT,0.0
HWY3755,32.77286111,71.95988889,Angular Stub Tower,60.0,GBT,0.0
RUR4786,32.4563,71.4928,Self-Supported Tower,37.0,GBT,1.0
HWY4429,32.50572222,72.44205556,Self-Supported Tower,46.0,GBT,0.0
JRD0135,32.28356,72.30227,Self-Supported Tower,46.0,GBT,0.0
RUR2989,32.635261,72.458289,Self-Supported Tower,46.0,GBT,0.0
RUR3374,30.8784,72.53358,Self-Supported Tower,46.0,GBT,0.0
SKK4727,31.86472222,73.50686111,Self-Supported Tower,46.0,GBT,0.0
RUR2244,30.21904,71.59816,Self-Supported Tower,46.0,GBT,1.0
RUR0307,30.11954,71.52961,Self-Supported Tower,46.0,GBT,0.0
HWY0098,29.51408,71.63342,Self-Supported Tower,46.0,GBT,0.0
RUR0201,29.36157,71.65292,Self-Supported Tower,46.0,GBT,0.0
PCL8331,28.84779,70.76332,Self-Supported Tower,37.0,GBT,1.0
KNL7444,30.27299,71.91719,Self-Supported Tower,37.0,GBT,0.0
KBR8393,30.40851,71.85729,Self-Supported Tower,46.0,GBT,0.0
GAC8343,29.01083,70.73136,Self-Supported Tower,46.0,GBT,0.0
RUR4959,29.09380556,70.90363889,Self-Supported Tower,46.0,GBT,2.0
RUR1406,28.96893,70.84308,Self-Supported Tower,46.0,GBT,0.0
MKH4860,31.185,71.2135,Self-Supported Tower,46.0,GBT,0.0
HWY7241,29.35096,71.61005,Self-Supported Tower,46.0,GBT,0.0
MUL8910,30.1729,71.40201,Self-Supported Tower,30.0,GBT,0.0
MGH3913,30.06687,71.2006,Self-Supported Tower,27.5,GBT,0.0
JLJ8615,29.72052778,72.1325,Monopole,30.0,GBT,0.0
HWY3748,30.0445,72.0577,Self-Supported Tower,46.0,GBT,0.0
MUL7792,30.20094,71.53715,Self-Supported Tower,30.0,GBT,0.0
KUN8391,29.28008,70.78184,Self-Supported Tower,46.0,GBT,0.0
RUR7620,30.06377,70.69876,Self-Supported Tower,60.0,GBT,0.0
RUR4086,29.765667,71.067167,Self-Supported Tower,30.0,GBT,0.0
MUL7219,30.16653,71.52151,Self-Supported Tower,40.0,GBT,0.0
MUL7663,30.20057,71.52301,Self-Supported Tower,25.0,GBT,0.0
HWY0299,30.34773,72.06112,Self-Supported Tower,60.0,GBT,0.0
KSB4797,28.21430556,69.889444,Self-Supported Tower,37.0,GBT,0.0
DGK0063,30.12065,70.66575,Self-Supported Tower,50.0,GBT,1.0
SIN7828,30.3225,70.97447,Self-Supported Tower,35.0,GBT,0.0
UCH4771,29.23617,71.04175,Self-Supported Tower,60.0,GBT,0.0
UCH3544,29.24107,71.06107,Self-Supported Tower,46.0,GBT,0.0
RUR3957,28.811103,70.521778,Self-Supported Tower,37.0,GBT,0.0
RUR1368,28.75138,70.56277,Self-Supported Tower,60.0,GBT,0.0
KTS0012,30.863,70.93937,Self-Supported Tower,60.0,GBT,1.0
MUL1666,30.15495,71.50058,Self-Supported Tower,30.0,GBT,0.0
ADW0034,29.45987,71.64209,Self-Supported Tower,60.0,GBT,0.0
KCT7392,29.88972,70.65173,Self-Supported Tower,46.0,GBT,0.0
KCT8651,29.86813,70.56979,Self-Supported Tower,60.0,GBT,0.0
DGK0108,30.02411,70.62337,Self-Supported Tower,60.0,GBT,2.0
KAM5910,30.73207,72.6462,Self-Supported Tower,35.0,GBT,0.0
MSG4393,30.15694444,73.73827778,Self-Supported Tower,46.0,GBT,0.0
DPL3327,30.6694,73.6595,Self-Supported Tower,46.0,GBT,0.0
OKR5994,30.80581,73.43358,Self-Supported Tower,30.0,GBT,1.0
KAM5912,30.7269,72.64529,Self-Supported Tower,35.0,GBT,0.0
MCH3956,30.4345,72.33984,Self-Supported Tower,25.0,GBT,0.0
KAM5909,30.7233,72.63974,Self-Supported Tower,35.0,GBT,0.0
SDK8856,31.90252778,74.22713889,Self-Supported Tower,46.0,GBT,0.0
KMK5925,31.96632,74.23531,Self-Supported Tower,35.0,GBT,0.0
SKT3357,32.4854,74.5421,Self-Supported Tower,25.0,GBT,0.0
RUR2762,32.4902,74.32898056,Self-Supported Tower,46.0,GBT,0.0
SKT3763,32.47439,74.50378,Self-Supported Tower,46.0,GBT,0.0
RUR6131,32.61828,74.54109,Self-Supported Tower,60.0,GBT,0.0
RUR5145,32.37675,74.6152,Self-Supported Tower,60.0,GBT,0.0
KHJ6979,32.45013,73.9311,Self-Supported Tower,46.0,GBT,0.0
GJR3437,32.57938,74.01932,Self-Supported Tower,30.0,GBT,0.0
GJR3403,32.56502778,74.06355556,Self-Supported Tower,25.0,GBT,0.0
QDS9645,32.1392,74.01417,Self-Supported Tower,37.0,GBT,1.0
HWY3271,32.15365,74.5611,Self-Supported Tower,46.0,GBT,1.0
QSG1616,32.22821,74.75476,Self-Supported Tower,60.0,GBT,0.0
RUR9984,32.27708,74.8934,Self-Supported Tower,60.0,GBT,0.0
RUR1575,32.78516,73.85275,Self-Supported Tower,37.0,GBT,0.0
RUR6240,32.74892,74.07161,Self-Supported Tower,60.0,GBT,1.0
RUR6235,32.72158,74.02336,Self-Supported Tower,40.0,GBT,0.0
SKT3094,32.5193,74.5082,Self-Supported Tower,25.0,GBT,0.0
HWY4758,31.35802,74.37255,Self-Supported Tower,45.0,GBT,0.0
LHR0828,31.40893,74.2733,Self-Supported Tower,46.0,GBT,0.0
HWY5923,31.69397,74.26751,Self-Supported Tower,60.0,GBT,0.0
LHR8217,31.457,74.20497,Self-Supported Tower,30.0,GBT,0.0
SHD0823,31.6374,74.2853,Self-Supported Tower,25.0,GBT,0.0
LHR9869,31.44402,74.36152,MONOPOLE,30.0,GBT,0.0
HWY8894,30.64003,73.71452,Self-Supported Tower,60.0,GBT,1.0
SUJ0105,29.87198,71.31354,Self-Supported Tower,46.0,GBT,0.0
RUR9498,32.103,73.86307,Self-Supported Tower,60.0,GBT,0.0
KAM5907,30.7231,72.65494,Self-Supported Tower,35.0,GBT,0.0
RUR3173,32.36815,74.99282,Self-Supported Tower,46.0,GBT,1.0
RLA3639,30.8802,73.5997,Self-Supported Tower,37.0,GBT,0.0
SHW8433,30.63774,73.09588,Self-Supported Tower,37.0,GBT,0.0
SKG4022,32.2649,75.1577,Self-Supported Tower,30.0,GBT,0.0
LRI0913,30.3655,68.5937,Self-Supported Tower,50.0,GBT,0.0
BEL0886,26.227,66.3084,Self-Supported Tower,50.0,GBT,0.0
KHI1225,24.82568,67.04832,Mast,9.0,RT,0.0
KHI6812,24.83148,67.22286,Self-Supported Tower,30.0,GBT,0.0
HUB6499,25.04645,66.85905,Self-Supported Tower,46.0,GBT,0.0
HUB0637,25.0266,66.8777,Self-Supported Tower,30.0,GBT,0.0
DMJ6523,28.54097,68.21958,Self-Supported Tower,46.0,GBT,0.0
DMJ6293,28.53412,68.22895,Self-Supported Tower,46.0,GBT,0.0
DMJ6562,28.55037,68.21568,Self-Supported Tower,46.0,GBT,0.0
LHR1489,31.40487,74.22964,Self-Supported Tower,30.0,GBT,0.0
LHR4743,31.4298,74.3757,Self-Supported Tower,30.0,GBT,0.0
LHR9171,31.42212,74.28286,Pole,5.0,OHWT,0.0
RUR0837,31.28853,74.1857,Self-Supported Tower,37.0,GBT,0.0
JHG8415,31.30432,72.32453,Self-Supported Tower,30.0,GBT,0.0
CHN4046,31.70647,72.97097,Self-Supported Tower,30.0,GBT,0.0
MUL0714,30.1987,71.4917,Self-Supported Tower,37.0,GBT,0.0
MUL2711,30.16546,71.46644,Self-Supported Tower,35.0,GBT,0.0
DGK3395,30.06659,70.64668,Self-Supported Tower,61.0,GBT,0.0
KPR7483,28.63874,70.64306,Self-Supported Tower,37.0,GBT,0.0
GJR6266,32.56618,74.05524,Self-Supported Tower,30.0,GBT,0.0
SKG4023,32.26594444,75.17072222,Self-Supported Tower,46.0,GBT,0.0
GUJ9515,32.24809,74.16003,Self-Supported Tower,40.0,GBT,0.0
RUR8824,32.1549,74.11571945,Self-Supported Tower,37.0,GBT,0.0
GUJ3887,32.0966,74.1973,Self-Supported Tower,30.0,GBT,0.0
RWP0473,33.57035,73.19985,Self-Supported Tower,15.0,GBT,0.0
RWP2236,33.61956112,72.99168889,Monopole,30.0,GBT,0.0
KHI5560,24.82255,66.99763,Mast,9.0,RT,0.0
KHI5980,24.82096,67.00663,Self-Supported Tower,30.0,GBT,0.0
KHI6102,24.86914,67.03773,Mast,9.0,RT,0.0
KHI5151,24.94723,67.13312,Self-Supported Tower,15.0,RT,0.0
KHI6334,25.00559,67.13906,Self-Supported Tower,37.0,GBT,0.0
KHI6404,24.9881,67.03952,Self-Supported Tower,46.0,GBT,0.0
KHI9905,24.9563,67.0346,Self-Supported Tower,50.0,GBT,0.0
HGW0817,28.45275,68.03678,Self-Supported Tower,46.0,GBT,0.0
GKI5765,28.01088,69.31852,Self-Supported Tower,25.0,GBT,0.0
RWP1832,33.6179,73.03053056,Monopole,25.0,GBT,0.0
RWP1746,33.56161112,73.13378056,Self-Supported Tower,30.0,GBT,0.0
RWP1267,33.54876,73.13015,Monopole,30.0,GBT,0.0
ISB4403,33.7402,73.0752,Self-Supported Tower,30.0,GBT,0.0
ISB0103,33.68194,72.98915,Self-Supported Tower,25.0,RT,0.0
ISB3631,33.70963,73.09074,Angular Stub Tower,25.0,GBT,0.0
RWP0874,33.58205,73.04411,Angular Stub Tower,25.0,RT,0.0
GJK0837,33.24316,73.31997,Self-Supported Tower,35.0,GBT,0.0
RWP5361,33.48632,73.08718,Pole,6.0,OHWT,0.0
RWP1898,33.53222,73.06263,Self-Supported Tower,20.0,GBT,0.0
BTK1352,34.61567,71.97247,Self-Supported Tower,30.0,GBT,0.0
RWP1147,33.52052,73.15493,Self-Supported Tower,37.0,GBT,0.0
HWY0291,33.68717,72.82988,Angular Stub Tower,25.0,RT,0.0
RWP1209,33.49356,73.09305,Self-Supported Tower,46.0,GBT,0.0
DMP1808,33.92387,72.41367,Self-Supported Tower,37.0,GBT,0.0
RWP0869,33.527,73.09183,Pole,3.0,OHWT,0.0
RWP7171,33.5009,73.10605,Angular Stub Tower,15.0,RT,0.0
ISB1149,33.64138,73.03925,Mast,12.0,RT,0.0
KTA2615,33.59051,73.38756,Self-Supported Tower,37.0,GBT,0.0
KHI6583,25.00215,67.11972,Self-Supported Tower,12.0,RT,0.0
KHI9610,24.9686,66.9565,Self-Supported Tower,35.0,GBT,0.0
QTA6026,30.15743,66.98472,Self-Supported Tower,25.0,GBT,0.0
QTA5779,30.21306,66.98703,Self-Supported Tower,20.0,GBT,0.0
QTA1128,30.2088,66.9668,Self-Supported Tower,40.0,GBT,0.0
HYD0827,25.34415,68.36055,Self-Supported Tower,25.0,GBT,0.0
KAK0899,27.5893,67.998,Self-Supported Tower,45.0,GBT,0.0
UKT1214,25.3567,69.7298,Self-Supported Tower,45.0,GBT,0.0
KDK7600,28.24529,69.17657,Self-Supported Tower,46.0,GBT,0.0
RUR0400,33.98795,72.10697,Self-Supported Tower,46.0,GBT,0.0
SDP6284,25.9197,68.61434,Self-Supported Tower,46.0,GBT,0.0
CMN0608,30.928,66.4673,Self-Supported Tower,50.0,GBT,0.0
KCH7400,30.37147,66.94746,Self-Supported Tower,37.0,GBT,0.0
QTA5070,30.2582,66.96176,Self-Supported Tower,30.0,GBT,0.0
QTA1135,30.23607,66.93666,Self-Supported Tower,30.0,GBT,0.0
QTA0325,30.24717,66.96398,Self-Supported Tower,35.0,GBT,0.0
QTA0953,30.2179,67.0432,Self-Supported Tower,30.0,GBT,0.0
KHI0963,25.0781,67.0142,Self-Supported Tower,60.0,GBT,0.0
KHI0640,24.90905556,67.05583333,Self-Supported Tower,12.0,RT,0.0
KHI0453,24.85129778,67.08594889,Self-Supported Tower,15.0,RT,0.0
KHI6513,24.93443,66.96956,Self-Supported Tower,30.0,GBT,0.0
KHI0645,24.93236111,67.01602778,Self-Supported Tower,20.0,RT,0.0
KHI9487,24.9462,67.1013,Self-Supported Tower,15.0,RT,0.0
KHI9569,24.9173,67.0753,Self-Supported Tower,10.0,RT,0.0
SPJ7083,27.12038,67.95694,Self-Supported Tower,46.0,GBT,0.0
NWB6875,26.25224,68.42747,Self-Supported Tower,46.0,GBT,0.0
ADM6833,25.75611,68.66691,Self-Supported Tower,37.0,GBT,0.0
QTA1125,30.1625,67.0144,Self-Supported Tower,30.0,GBT,0.0
HGW6278,30.56309,66.88225,Self-Supported Tower,46.0,GBT,0.0
RWP0412,33.51889,73.09274,Pole,3.0,OHWT,0.0
RWP1831,33.58173,73.05935,Self-Supported Tower,20.0,RT,0.0
RWP1615,33.54373889,73.01566945,Self-Supported Tower,37.0,GBT,0.0
PSH1685,34.03401,71.60246,Self-Supported Tower,20.0,GBT,0.0
RUR1904,33.77812,72.84227,Self-Supported Tower,37.0,GBT,0.0
RWP1076,33.59511,73.02691,Self-Supported Tower,20.0,RT,0.0
NWS0889,34.02071,71.98325,Angular Stub Tower,40.0,GBT,0.0
PSH1264,34.00047,71.60694,Monopole,20.0,GBT,0.0
SAK2828,34.20612,71.79884,Self-Supported Tower,46.0,GBT,1.0
HWY0281,33.98742,72.17176,Self-Supported Tower,35.0,GBT,0.0
TMN5860,25.13145,68.54107,Self-Supported Tower,37.0,GBT,0.0
SEH1147,26.42396,67.85784,Self-Supported Tower,60.0,GBT,0.0
QSA6244,30.69925,68.35701,Self-Supported Tower,46.0,GBT,0.0
JAC5446,28.27379,68.44297,Self-Supported Tower,46.0,GBT,0.0
PSH1277,34.01177,71.51471,Monopole,17.5,GBT,0.0
PSH1442,34.01199,71.50399,Self-Supported Tower,25.0,GBT,0.0
PSH0383,34.0071,71.59212,Self-Supported Tower,46.0,GBT,0.0
KHI9306,24.9003,67.0658,Self-Supported Tower,15.0,RT,0.0
NWB6845,26.23533,68.41728,Self-Supported Tower,30.0,GBT,0.0
QTA0091,30.1881,66.95253,Self-Supported Tower,30.0,GBT,0.0
LAL6527,27.49038,67.91677,Self-Supported Tower,46.0,GBT,0.0
KHI5549,24.84676,67.33835,Self-Supported Tower,46.0,GBT,0.0
KHI9908,24.8493,67.1169,Self-Supported Tower,35.0,GBT,0.0
KHI5011,24.85388889,67.24336111,Self-Supported Tower,20.0,RT,0.0
KHI5407,24.87966667,66.98444444,Self-Supported Tower,12.0,RT,0.0
KHI0798,24.95227,67.14535,Self-Supported Tower,15.0,RT,0.0
KHI7021,24.98592,67.10334,Self-Supported Tower,30.0,GBT,0.0
KHI5270,24.85605556,67.26788889,Self-Supported Tower,20.0,RT,0.0
KHI1061,24.98759,67.18641,Self-Supported Tower,35.0,GBT,0.0
KHI0115,25.01271,67.15044,Self-Supported Tower,35.0,GBT,0.0
KHI7134,25.00371,67.15898,Self-Supported Tower,30.0,GBT,0.0
KHI9583,25.025,67.0716,Self-Supported Tower,35.0,GBT,0.0
KHI6338,24.94493,66.9557,Self-Supported Tower,30.0,GBT,0.0
KHI6387,24.95683,66.93129,Self-Supported Tower,35.0,GBT,0.0
KHI1040,24.93847,66.95582,Self-Supported Tower,30.0,GBT,0.0
QTA6084,30.27638,66.92113,Self-Supported Tower,46.0,GBT,0.0
QTA9108,30.18359,66.96635,Self-Supported Tower,30.0,GBT,0.0
QTA1124,30.158,67.0083,Self-Supported Tower,35.0,GBT,0.0
QTA5774,30.1549,66.99657,Self-Supported Tower,25.0,GBT,0.0
QTA1112,30.1548,67.0147,Self-Supported Tower,30.0,GBT,0.0
RWP0666,33.64434,73.05787,Angular Stub Tower,15.0,RT,0.0
MTM1896,33.23783,72.91224,Self-Supported Tower,46.0,GBT,0.0
PSH1289,33.98683,71.49047,Self-Supported Tower,20.0,GBT,0.0
RUR2003,34.29048,72.15214,Self-Supported Tower,46.0,GBT,0.0
KHI6386,24.97067,67.06073,Mast,9.0,RT,0.0
KHI6622,24.8783,66.9964,Self-Supported Tower,20.0,RT,0.0
KHI0681,24.86361111,67.05013889,Self-Supported Tower,15.0,RT,0.0
KHI2028,24.78859,67.13029,Self-Supported Tower,30.0,GBT,0.0
JAT1197,24.3544,68.2661,Self-Supported Tower,60.0,GBT,0.0
SDP7896,25.92813,68.61963,Self-Supported Tower,46.0,GBT,0.0
HGW7898,25.7535,68.5023,Self-Supported Tower,60.0,GBT,0.0
HGW6302,25.53484,68.43634,Self-Supported Tower,46.0,GBT,0.0
QTA6789,30.09826,66.9866,Self-Supported Tower,46.0,GBT,0.0
QTA5285,30.08697,66.93312,Self-Supported Tower,20.0,GBT,0.0
LKN5995,27.54625,68.20235,Self-Supported Tower,30.0,GBT,0.0
MOK6357,27.75776,68.09432,Self-Supported Tower,46.0,GBT,0.0
MDJ6207,27.75395,68.45662,Self-Supported Tower,46.0,GBT,0.0
HGW7127,26.6421,67.73961,Self-Supported Tower,50.0,GBT,0.0
BRY5848,26.88602778,68.276,Self-Supported Tower,30.0,GBT,0.0
GAM6920,27.35246,68.51524,Self-Supported Tower,37.0,GBT,0.0
HGW8008,27.30116,68.52202,Self-Supported Tower,46.0,GBT,0.0
HGW6180,27.31967,68.64933,Self-Supported Tower,46.0,GBT,0.0
RUR1441,34.07912,71.59726,Self-Supported Tower,37.0,GBT,0.0
RUR3117,34.09944,71.51896,Self-Supported Tower,46.0,GBT,0.0
RUR2679,34.21798,71.74703,Self-Supported Tower,46.0,GBT,0.0
HYD5578,25.3694,68.3668,Self-Supported Tower,15.0,RT,0.0
QTA5798,30.17983,67.00727,Self-Supported Tower,25.0,GBT,0.0
SPT0457,27.540431,69.042201,Self-Supported Tower,90.0,GBT,0.0
ZOB6560,31.33806,69.44906,Self-Supported Tower,46.0,GBT,0.0
MDQS6319,31.34262,69.44944,Self-Supported Tower,45.0,GBT,0.0
TGA1273,25.121,68.8931,Self-Supported Tower,60.0,GBT,0.0
KRM1664,33.53886,70.34564,Self-Supported Tower,46.0,GBT,0.0
ISB0352,33.6572,73.05663,Angular Stub Tower,20.0,RT,0.0
KHB2294,33.92513,71.3596,Self-Supported Tower,46.0,GBT,0.0
RWP5346,33.528322,73.153592,Pole,6.0,OHWT,0.0
DAK0533,33.66522,71.53884,Self-Supported Tower,46.0,GBT,0.0
RUR0308,34.07672,71.45248,Self-Supported Tower,35.0,GBT,0.0
PSH5093,34.04316,71.42834,Pole,3.0,RT,0.0
LHR9215,31.35621622,74.22130044,Pole,6.0,OHWT,0.0
PSH0094,34.01241,71.54341,Self-Supported Tower,35.0,GBT,0.0
OKZ1781,33.73024,70.87059,Self-Supported Tower,46.0,GBT,2.0
RUR2021,33.83119,71.58986,Self-Supported Tower,46.0,GBT,0.0
KHB2295,33.88768,71.39366,Self-Supported Tower,46.0,GBT,1.0
MMD0804,34.19925,71.39768,Self-Supported Tower,46.0,GBT,0.0
RUR0962,34.16172,71.43668,Angular Stub Tower,60.0,GBT,0.0
MTN2035,33.79803,71.56031,Self-Supported Tower,46.0,GBT,0.0
PSH2168,33.97422,71.47836,Self-Supported Tower,30.0,GBT,0.0
MZD1996,34.38007,73.46464,Self-Supported Tower,46.0,GBT,0.0
MZD1874,34.36603,73.46498,Self-Supported Tower,30.0,GBT,0.0
BGH2049,33.9812,73.77557,Self-Supported Tower,37.0,GBT,0.0
RKR2952,33.77253,73.89531,Self-Supported Tower,46.0,GBT,0.0
KTR2441,33.51108,73.98159,Self-Supported Tower,46.0,GBT,0.0
SKU2330,35.28928,75.64845,Angular Stub Tower,45.0,GBT,0.0
SKU2325,35.29772,75.6348,Self-Supported Tower,46.0,GBT,0.0
HNZ2320,36.30745,74.61918,Self-Supported Tower,37.0,GBT,0.0
GLT2317,35.87252,74.44636,Self-Supported Tower,46.0,GBT,0.0
BYN7313,30.71211,71.70381,Self-Supported Tower,46.0,GBT,0.0
KNO7293,30.74544,71.95838,Self-Supported Tower,61.0,GBT,0.0
RUR4919,30.84638,71.83858,Self-Supported Tower,37.0,GBT,0.0
RUR1214,31.38211,72.78649,Self-Supported Tower,46.0,GBT,0.0
SHO4456,30.83598,72.0778,Self-Supported Tower,37.0,GBT,0.0
FSD0174,31.37868,72.91819,Self-Supported Tower,46.0,GBT,0.0
LHR9258,31.37186,74.24562,Pole,6.0,OHWT,0.0
LHR0458,31.3824,74.19923,Self-Supported Tower,37.0,GBT,0.0
RUR1220,31.34363,73.20146,Self-Supported Tower,46.0,GBT,1.0
LHR5516,31.41553,74.23054,Self-Supported Tower,40.0,GBT,0.0
LHR6384,31.3469,74.2549,Pole,6.0,OHWT,0.0
LHR9152,31.35138,74.17209,Pole,6.0,OHWT,0.0
RUR9211,31.31975,74.48195,Self-Supported Tower,46.0,GBT,0.0
HWY1681,31.32153,74.38987,Self-Supported Tower,60.0,GBT,0.0
LHR0827,31.46399,74.46136,Self-Supported Tower,46.0,GBT,0.0
KAU7987,30.48089,70.96529,Self-Supported Tower,46.0,GBT,0.0
HWY0015,30.26646,70.96611,Self-Supported Tower,60.0,GBT,0.0
HWY7221,29.57638,71.0199,Self-Supported Tower,37.0,GBT,0.0
RUR0127,29.68369,71.1001,Self-Supported Tower,46.0,GBT,1.0
RUR4247,29.92225,70.96046,Self-Supported Tower,46.0,GBT,0.0
LYA7834,30.95583,70.93758,Self-Supported Tower,35.0,GBT,0.0
LYA7992,30.97322,70.95906,Self-Supported Tower,46.0,GBT,0.0
GMT3554,33.49845,71.67529,Angular Stub Tower,60.0,GBT,0.0
HNG1134,33.53919,71.06077,Self-Supported Tower,27.5,GBT,0.0
IBZ0904,33.57125,71.11914,Self-Supported Tower,46.0,GBT,0.0
HWY1456,33.45781,70.87753,Self-Supported Tower,46.0,GBT,0.0
HWY3563,33.55378,71.49629,Angular Stub Tower,35.0,GBT,0.0
KHT3718,33.6044,71.46041,Angular Stub Tower,35.0,GBT,0.0
KHT1756,33.592,71.44211,Self-Supported Tower,25.0,GBT,0.0
HWY0842,33.54619,71.51847,Self-Supported Tower,46.0,GBT,0.0
HWY1981,33.50396,71.43094,Self-Supported Tower,46.0,GBT,0.0
MDD2537,34.84866,71.67472,Self-Supported Tower,46.0,GBT,0.0
KTG3723,34.70881,72.02789,Angular Stub Tower,45.0,GBT,0.0
MKI2861,34.7944,71.75667,Self-Supported Tower,46.0,GBT,2.0
KSD3735,34.94352,71.68456,Self-Supported Tower,46.0,GBT,0.0
MVD0653,34.87579,71.67532,Self-Supported Tower,46.0,GBT,0.0
SBD2165,34.96154,71.68689,Self-Supported Tower,46.0,GBT,0.0
KSD1562,34.95091,71.69273,Self-Supported Tower,46.0,GBT,0.0
MVD3940,34.891,71.64435,Self-Supported Tower,46.0,GBT,0.0
MVD3056,34.89904,71.65774,Self-Supported Tower,46.0,GBT,0.0
SBD3304,34.94135,71.5901,Self-Supported Tower,46.0,GBT,0.0
RUR3008,34.86654,71.78187,Self-Supported Tower,46.0,GBT,1.0
RUR0348,35.03724,71.82559,Self-Supported Tower,46.0,GBT,0.0
KMD1040,34.95815,71.82148,Self-Supported Tower,60.0,GBT,0.0
KMD2036,34.95386,71.836804,Self-Supported Tower,46.0,GBT,0.0
TMG0169,34.85888,71.91567,Self-Supported Tower,46.0,GBT,0.0
KLA2512,34.86773,71.95353,Self-Supported Tower,46.0,GBT,0.0
TMG0125,34.81872,71.83942,Self-Supported Tower,46.0,GBT,0.0
KMD4030,34.93035,71.80235,Self-Supported Tower,46.0,GBT,0.0
RUR3714,34.85321,72.04508,Self-Supported Tower,46.0,GBT,0.0
RUR0541,34.93975,71.93752778,Self-Supported Tower,50.0,GBT,0.0
RUR3104,34.89506,72.604,Self-Supported Tower,46.0,GBT,0.0
RUR0659,34.84441,72.57951,Angular Stub Tower,60.0,GBT,1.0
RUR0673,34.7905,72.47057,Angular Stub Tower,35.0,GBT,1.0
RUR3082,34.97403,72.13554,Self-Supported Tower,46.0,GBT,0.0
RUR0538,35.02025,72.08841,Self-Supported Tower,50.0,GBT,0.0
BLB2508,35.10783,71.78431,Self-Supported Tower,35.0,GBT,0.0
BLB2507,35.09061,71.76367,Self-Supported Tower,46.0,GBT,0.0
DRA2064,35.11116,71.99044,Self-Supported Tower,46.0,GBT,0.0
DBL3529,35.41698,72.17928,Angular Stub Tower,60.0,GBT,0.0
DBL3527,35.36297,72.15224,Angular Stub Tower,60.0,GBT,0.0
RUR3422,35.09702,71.92295,Self-Supported Tower,46.0,GBT,0.0
DBL3530,35.34583,71.96606,Angular Stub Tower,60.0,GBT,0.0
DBL3533,35.269046,72.012084,Guy Mast,30.0,GBT,0.0
OHD3100,35.14555,72.02311,Self-Supported Tower,46.0,GBT,0.0
DBL3531,35.31188,72.01556,Angular Stub Tower,60.0,GBT,0.0
DIR3521,35.23016,71.8614,Angular Stub Tower,60.0,GBT,2.0
OHD2513,35.14398,72.04778001,Self-Supported Tower,46.0,GBT,0.0
OHD3296,35.1693,72.15744,Self-Supported Tower,46.0,GBT,1.0
RUR0574,35.02798,72.06878,Self-Supported Tower,46.0,GBT,1.0
DRA2510,35.12817,71.94352,Self-Supported Tower,46.0,GBT,0.0
AKR6615,26.92183,68.42982,Self-Supported Tower,46.0,GBT,0.0
BGI7133,27.54028,68.64718,Self-Supported Tower,46.0,GBT,0.0
BOZ6438,27.20705,68.6651,Self-Supported Tower,46.0,GBT,0.0
HGR6432,27.16624,68.4034,Self-Supported Tower,46.0,GBT,0.0
HGW0216,27.48293,68.57912,Self-Supported Tower,46.0,GBT,0.0
hgw0370,27.41406,68.59432,Self-Supported Tower,46.0,GBT,0.0
CKO5142,27.14781,69.01637,Self-Supported Tower,46.0,GBT,0.0
KDJ6145,27.36136,68.72727,Self-Supported Tower,46.0,GBT,0.0
AGR0810,27.39285,68.38011,Self-Supported Tower,46.0,GBT,0.0
hgw5988,26.98451,68.90427,Self-Supported Tower,46.0,GBT,0.0
HGW6129,27.40405,68.6722,Self-Supported Tower,46.0,GBT,0.0
HGW6182,27.25762,68.58931,Self-Supported Tower,46.0,GBT,0.0
HGW6902,27.34627,68.6413,Self-Supported Tower,46.0,GBT,1.0
HGW6904,27.28002,68.60013,Self-Supported Tower,46.0,GBT,0.0
KPU6271,27.49253,68.75829,Self-Supported Tower,46.0,GBT,0.0
KAD6636,27.46265,68.46161,Self-Supported Tower,46.0,GBT,0.0
KAD6637,27.49877,68.49231,Self-Supported Tower,46.0,GBT,0.0
KMM7082,27.65073,68.67677,Self-Supported Tower,46.0,GBT,0.0
KPU0369,27.5397,68.7502,Self-Supported Tower,76.0,GBT,0.0
MHB6544,27.10211,68.45049,Self-Supported Tower,46.0,GBT,0.0
MND6620,27.03593,68.61891,Self-Supported Tower,46.0,GBT,0.0
KUH6473,27.38174,68.49741,Self-Supported Tower,46.0,GBT,0.0
MSI6275,27.42208,68.56661,Self-Supported Tower,46.0,GBT,0.0
NPR6659,27.51874,68.57389,Self-Supported Tower,46.0,GBT,1.0
PAK6616,26.89463,68.36834,Self-Supported Tower,46.0,GBT,0.0
PAK6618,26.84002,68.37825,Self-Supported Tower,46.0,GBT,0.0
PED6549,26.78463,68.33784,Self-Supported Tower,46.0,GBT,0.0
HGW7510,27.55617,68.55425,Self-Supported Tower,46.0,GBT,0.0
PRL5732,27.6428,68.7283,Self-Supported Tower,46.0,GBT,1.0
PWS0811,27.03186,68.48981,Self-Supported Tower,46.0,GBT,1.0
RAN6280,27.26701,68.52052,Self-Supported Tower,46.0,GBT,0.0
SET6151,27.2004,68.4757,Self-Supported Tower,46.0,GBT,0.0
SRD6117,27.14383,68.6467,Self-Supported Tower,61.0,GBT,0.0
BND6045,26.58705,68.30345,Self-Supported Tower,46.0,GBT,0.0
BND6446,26.57195,68.26999,Self-Supported Tower,46.0,GBT,0.0
BOH6744,26.33368,68.35281,Self-Supported Tower,46.0,GBT,0.0
BOH6745,26.30671,68.37,Self-Supported Tower,46.0,GBT,0.0
DDO0988,26.24758,68.29724,Self-Supported Tower,46.0,GBT,0.0
DOR6140,26.45675,68.3049,Self-Supported Tower,46.0,GBT,0.0
DTP7900,26.5515,67.98812,Self-Supported Tower,46.0,GBT,0.0
HGW0221,26.46751,68.06365,Self-Supported Tower,46.0,GBT,0.0
HGW0507,26.46192,68.16222,Self-Supported Tower,60.0,GBT,0.0
HGW5210,26.46772,68.49114,Self-Supported Tower,46.0,GBT,0.0
HGW5215,26.48802,68.3883,Self-Supported Tower,46.0,GBT,0.0
HGW5217,26.44672,68.56565,Self-Supported Tower,46.0,GBT,0.0
BNK6650,26.11613,68.39752,Self-Supported Tower,46.0,GBT,1.0
HGW6224,26.45446,68.00067,Self-Supported Tower,46.0,GBT,0.0
DOR6141,26.45467,68.31468,Self-Supported Tower,46.0,GBT,0.0
HGW7012,26.51505,68.11446,Self-Supported Tower,46.0,GBT,0.0
JSB6758,26.29402,68.63071,Self-Supported Tower,46.0,GBT,0.0
KDA5767,26.1785,68.36981,Self-Supported Tower,46.0,GBT,0.0
MEL0976,26.3302,68.50039,Self-Supported Tower,46.0,GBT,0.0
MEL0977,26.37205,68.51809,Self-Supported Tower,46.0,GBT,0.0
JSB6757,26.29828,68.62782,Self-Supported Tower,46.0,GBT,0.0
NWB6276,26.24447,68.39133,Self-Supported Tower,46.0,GBT,0.0
NWB5753,26.25208,68.39213,Self-Supported Tower,30.0,GBT,0.0
QAH6946,26.30291,68.102,Self-Supported Tower,30.0,GBT,1.0
SKD6282,26.13624,68.26843,Self-Supported Tower,46.0,GBT,0.0
RUR0180,32.51332,73.50235,Self-Supported Tower,46.0,GBT,0.0
MBN9844,32.57786,73.48492,Self-Supported Tower,46.0,GBT,0.0
RUR6222,32.5756,73.53004,Self-Supported Tower,40.0,GBT,0.0
MBN9802,32.5902,73.50541,Self-Supported Tower,46.0,GBT,0.0
RUR6212,32.55339,73.46805,Self-Supported Tower,45.0,GBT,0.0
BGA6987,32.61891,73.44743,Self-Supported Tower,37.0,GBT,1.0
MLL3347,32.55409,73.22144,Self-Supported Tower,46.0,GBT,1.0
HFQ8540,32.48797222,73.18061111,Self-Supported Tower,37.0,GBT,0.0
RUR1097,32.53187,73.15487,Self-Supported Tower,60.0,GBT,0.0
RUR0736,32.55159,73.35157,Self-Supported Tower,46.0,GBT,2.0
RUR1096,32.526157,73.276619,Self-Supported Tower,35.0,GBT,0.0
NKW6941,32.34286,73.29905,Self-Supported Tower,46.0,GBT,0.0
RUR6158,32.39753,73.2011,Self-Supported Tower,60.0,GBT,0.0
GOW6983,32.3658,73.38195,Self-Supported Tower,46.0,GBT,2.0
HWY8568,30.97191667,72.01161111,Self-Supported Tower,46.0,GBT,0.0
HSB8606,31.02266667,72.00438889,Self-Supported Tower,30.0,GBT,1.0
HWY6571,30.96729,71.9455,Self-Supported Tower,60.0,GBT,0.0
RUR1031,30.74769,71.72582,Self-Supported Tower,46.0,GBT,0.0
GMR8719,30.814806,71.867,Self-Supported Tower,37.0,GBT,0.0
RUR1284,31.20312,72.03972,Self-Supported Tower,60.0,GBT,0.0
HWY4858,31.41884,72.2662,Self-Supported Tower,46.0,GBT,0.0
RUR4822,31.49061,72.0723,Self-Supported Tower,46.0,GBT,0.0
RUR0237,31.56288,72.28953,Self-Supported Tower,46.0,GBT,0.0
SJN8734,31.49763,72.32393,Self-Supported Tower,46.0,GBT,1.0
RUR3750,31.20548,72.50622,Self-Supported Tower,46.0,GBT,0.0
JHG1004,31.25215,72.37352,Self-Supported Tower,46.0,GBT,0.0
HWY2085,31.34124,72.80675,Self-Supported Tower,46.0,GBT,0.0
SHO3908,30.833389,72.069139,Monopole,30.0,GBT,0.0
SHO3210,30.8262,72.0771,Self-Supported Tower,46.0,GBT,0.0
HWY0123,31.14811,72.22406,Self-Supported Tower,46.0,GBT,1.0
HWY8906,31.72425,72.14975,Self-Supported Tower,46.0,GBT,3.0
RUR1019,31.64998,72.32961,Self-Supported Tower,46.0,GBT,0.0
RUR0394,30.234,70.8871,Self-Supported Tower,60.0,GBT,0.0
RUR4097,30.29361,71.11768,Self-Supported Tower,46.0,GBT,0.0
RUR1224,30.21088,70.88814,Self-Supported Tower,46.0,GBT,0.0
RUR7824,29.9189,70.9135,Self-Supported Tower,60.0,GBT,0.0
CKW0926,29.58716,70.95216,Self-Supported Tower,46.0,GBT,0.0
JWL8713,29.42244444,70.74889111,Self-Supported Tower,46.0,GBT,0.0
RUR0197,29.5857,71.00012,Self-Supported Tower,46.0,GBT,0.0
RUR1241,29.63268,70.92542,Self-Supported Tower,46.0,GBT,0.0
RUR1465,29.72383,70.94078,Self-Supported Tower,46.0,GBT,0.0
RUR4302,29.72116,70.88197,Self-Supported Tower,46.0,GBT,1.0
RUR4810,29.48486,70.96368,Self-Supported Tower,46.0,GBT,0.0
HWY7301,29.41479,72.88451,Self-Supported Tower,46.0,GBT,1.0
HWY1686,29.43178,72.99087,Self-Supported Tower,60.0,GBT,0.0
FAB0087,29.19375,72.85834,Self-Supported Tower,37.0,GBT,0.0
FAB4236,29.2022,72.8634,Self-Supported Tower,46.0,GBT,0.0
